Total Votes,Khan Percent,Khan Total Votes,Corry Percent,Corry Total Votes,Li Percent,Li Total Votes,Tooley Percent,Tooley Total Votes
3521001,63.00002840102243,2218231,20.00002272084376,704200,14.000043737711193,492940,2.999999147969569,105630
